<?xml version="1.0" encoding="UTF-8"?>
<profile-data>
	<keyCandidates>
		<attribute schema = "schema_7" relation = "relation_4" name = "attribute_21"/>
		<attribute schema = "schema_7" relation = "relation_6" name = "attribute_23"/>
		<attribute schema = "schema_7" relation = "relation_7" name = "attribute_25"/>
		<attribute schema = "schema_7" relation = "relation_10" name = "attribute_28"/>
		<attribute schema = "schema_7" relation = "relation_12" name = "attribute_29"/>
		<attribute schema = "schema_7" relation = "relation_14" name = "attribute_31"/>
		<attribute schema = "schema_7" relation = "relation_15" name = "attribute_33"/>
		<attribute schema = "schema_7" relation = "relation_18" name = "attribute_8"/>
		<attribute schema = "schema_7" relation = "relation_18" name = "attribute_36"/>
		<attribute schema = "schema_7" relation = "relation_20" name = "attribute_37"/>
		<attribute schema = "schema_7" relation = "relation_22" name = "attribute_39"/>
		<attribute schema = "schema_7" relation = "relation_24" name = "attribute_41"/>
		<attribute schema = "schema_7" relation = "relation_25" name = "attribute_43"/>
		<attribute schema = "schema_7" relation = "relation_27" name = "attribute_46"/>
		<attribute schema = "schema_7" relation = "relation_30" name = "attribute_48"/>
		<attribute schema = "schema_7" relation = "relation_32" name = "attribute_49"/>
		<attribute schema = "schema_7" relation = "relation_33" name = "attribute_51"/>
		<attribute schema = "schema_7" relation = "relation_36" name = "attribute_54"/>
		<attribute schema = "schema_7" relation = "relation_38" name = "attribute_55"/>
		<attribute schema = "schema_7" relation = "relation_40" name = "attribute_57"/>
		<attribute schema = "schema_7" relation = "relation_39" name = "attribute_59"/>
	</keyCandidates>
	<inclusion-dependencies>
		<inclusion-dependency>
			<is-included distinct_values = "99">
				<attribute schema = "schema_7" relation = "relation_33" name = "attribute_51"/>
			</is-included>
			<includes>
				<attribute schema = "schema_7" relation ="relation_32" name = "attribute_52"/>
			</includes>
			<coeficient value = "1.0"></coeficient>
		</inclusion-dependency>
		<inclusion-dependency>
			<is-included distinct_values = "99">
				<attribute schema = "schema_7" relation = "relation_33" name = "attribute_53"/>
			</is-included>
			<includes>
				<attribute schema = "schema_7" relation ="relation_36" name = "attribute_54"/>
			</includes>
			<coeficient value = "1.0"></coeficient>
		</inclusion-dependency>
		<inclusion-dependency>
			<is-included distinct_values = "99">
				<attribute schema = "schema_7" relation = "relation_38" name = "attribute_55"/>
			</is-included>
			<includes>
				<attribute schema = "schema_7" relation ="relation_36" name = "attribute_56"/>
			</includes>
			<coeficient value = "1.0"></coeficient>
		</inclusion-dependency>
		<inclusion-dependency>
			<is-included distinct_values = "99">
				<attribute schema = "schema_7" relation = "relation_40" name = "attribute_57"/>
			</is-included>
			<includes>
				<attribute schema = "schema_7" relation ="relation_38" name = "attribute_58"/>
			</includes>
			<coeficient value = "1.0"></coeficient>
		</inclusion-dependency>
		<inclusion-dependency>
			<is-included distinct_values = "99">
				<attribute schema = "schema_7" relation = "relation_14" name = "attribute_31"/>
			</is-included>
			<includes>
				<attribute schema = "schema_7" relation ="relation_12" name = "attribute_32"/>
			</includes>
			<coeficient value = "1.0"></coeficient>
		</inclusion-dependency>
		<inclusion-dependency>
			<is-included distinct_values = "99">
				<attribute schema = "schema_7" relation = "relation_15" name = "attribute_33"/>
			</is-included>
			<includes>
				<attribute schema = "schema_7" relation ="relation_14" name = "attribute_34"/>
			</includes>
			<coeficient value = "1.0"></coeficient>
		</inclusion-dependency>
		<inclusion-dependency>
			<is-included distinct_values = "99">
				<attribute schema = "schema_7" relation = "relation_15" name = "attribute_35"/>
			</is-included>
			<includes>
				<attribute schema = "schema_7" relation ="relation_18" name = "attribute_36"/>
			</includes>
			<coeficient value = "1.0"></coeficient>
		</inclusion-dependency>
		<inclusion-dependency>
			<is-included distinct_values = "99">
				<attribute schema = "schema_7" relation = "relation_20" name = "attribute_37"/>
			</is-included>
			<includes>
				<attribute schema = "schema_7" relation ="relation_18" name = "attribute_38"/>
			</includes>
			<coeficient value = "1.0"></coeficient>
		</inclusion-dependency>
		<inclusion-dependency>
			<is-included distinct_values = "99">
				<attribute schema = "schema_7" relation = "relation_40" name = "attribute_60"/>
			</is-included>
			<includes>
				<attribute schema = "schema_7" relation ="relation_39" name = "attribute_59"/>
			</includes>
			<coeficient value = "1.0"></coeficient>
		</inclusion-dependency>
		<inclusion-dependency>
			<is-included distinct_values = "99">
				<attribute schema = "schema_7" relation = "relation_20" name = "attribute_40"/>
			</is-included>
			<includes>
				<attribute schema = "schema_7" relation ="relation_22" name = "attribute_39"/>
			</includes>
			<coeficient value = "1.0"></coeficient>
		</inclusion-dependency>
		<inclusion-dependency>
			<is-included distinct_values = "99">
				<attribute schema = "schema_7" relation = "relation_32" name = "attribute_49"/>
			</is-included>
			<includes>
				<attribute schema = "schema_7" relation ="relation_30" name = "attribute_50"/>
			</includes>
			<coeficient value = "1.0"></coeficient>
		</inclusion-dependency>
		<inclusion-dependency>
			<is-included distinct_values = "94">
				<attribute schema = "schema_7" relation = "relation_7" name = "attribute_25"/>
			</is-included>
			<includes>
				<attribute schema = "schema_7" relation ="relation_6" name = "attribute_26"/>
			</includes>
			<coeficient value = "0.8085106382978723"></coeficient>
		</inclusion-dependency>
		<inclusion-dependency>
			<is-included distinct_values = "99">
				<attribute schema = "schema_7" relation = "relation_12" name = "attribute_32"/>
			</is-included>
			<includes>
				<attribute schema = "schema_7" relation ="relation_14" name = "attribute_31"/>
			</includes>
			<coeficient value = "1.0"></coeficient>
		</inclusion-dependency>
		<inclusion-dependency>
			<is-included distinct_values = "99">
				<attribute schema = "schema_7" relation = "relation_14" name = "attribute_34"/>
			</is-included>
			<includes>
				<attribute schema = "schema_7" relation ="relation_15" name = "attribute_33"/>
			</includes>
			<coeficient value = "1.0"></coeficient>
		</inclusion-dependency>
		<inclusion-dependency>
			<is-included distinct_values = "99">
				<attribute schema = "schema_7" relation = "relation_18" name = "attribute_36"/>
			</is-included>
			<includes>
				<attribute schema = "schema_7" relation ="relation_15" name = "attribute_35"/>
			</includes>
			<coeficient value = "1.0"></coeficient>
		</inclusion-dependency>
		<inclusion-dependency>
			<is-included distinct_values = "99">
				<attribute schema = "schema_7" relation = "relation_18" name = "attribute_38"/>
			</is-included>
			<includes>
				<attribute schema = "schema_7" relation ="relation_20" name = "attribute_37"/>
			</includes>
			<coeficient value = "1.0"></coeficient>
		</inclusion-dependency>
		<inclusion-dependency>
			<is-included distinct_values = "99">
				<attribute schema = "schema_7" relation = "relation_32" name = "attribute_52"/>
			</is-included>
			<includes>
				<attribute schema = "schema_7" relation ="relation_33" name = "attribute_51"/>
			</includes>
			<coeficient value = "1.0"></coeficient>
		</inclusion-dependency>
		<inclusion-dependency>
			<is-included distinct_values = "99">
				<attribute schema = "schema_7" relation = "relation_36" name = "attribute_54"/>
			</is-included>
			<includes>
				<attribute schema = "schema_7" relation ="relation_33" name = "attribute_53"/>
			</includes>
			<coeficient value = "1.0"></coeficient>
		</inclusion-dependency>
		<inclusion-dependency>
			<is-included distinct_values = "99">
				<attribute schema = "schema_7" relation = "relation_36" name = "attribute_56"/>
			</is-included>
			<includes>
				<attribute schema = "schema_7" relation ="relation_38" name = "attribute_55"/>
			</includes>
			<coeficient value = "1.0"></coeficient>
		</inclusion-dependency>
		<inclusion-dependency>
			<is-included distinct_values = "99">
				<attribute schema = "schema_7" relation = "relation_38" name = "attribute_58"/>
			</is-included>
			<includes>
				<attribute schema = "schema_7" relation ="relation_40" name = "attribute_57"/>
			</includes>
			<coeficient value = "1.0"></coeficient>
		</inclusion-dependency>
		<inclusion-dependency>
			<is-included distinct_values = "99">
				<attribute schema = "schema_7" relation = "relation_12" name = "attribute_29"/>
			</is-included>
			<includes>
				<attribute schema = "schema_7" relation ="relation_10" name = "attribute_30"/>
			</includes>
			<coeficient value = "1.0"></coeficient>
		</inclusion-dependency>
		<inclusion-dependency>
			<is-included distinct_values = "99">
				<attribute schema = "schema_7" relation = "relation_10" name = "attribute_30"/>
			</is-included>
			<includes>
				<attribute schema = "schema_7" relation ="relation_12" name = "attribute_29"/>
			</includes>
			<coeficient value = "1.0"></coeficient>
		</inclusion-dependency>
		<inclusion-dependency>
			<is-included distinct_values = "99">
				<attribute schema = "schema_7" relation = "relation_10" name = "attribute_28"/>
			</is-included>
			<includes>
				<attribute schema = "schema_7" relation ="relation_7" name = "attribute_27"/>
			</includes>
			<coeficient value = "0.9494949494949495"></coeficient>
		</inclusion-dependency>
		<inclusion-dependency>
			<is-included distinct_values = "99">
				<attribute schema = "schema_7" relation = "relation_24" name = "attribute_41"/>
			</is-included>
			<includes>
				<attribute schema = "schema_7" relation ="relation_22" name = "attribute_42"/>
			</includes>
			<coeficient value = "1.0"></coeficient>
		</inclusion-dependency>
		<inclusion-dependency>
			<is-included distinct_values = "99">
				<attribute schema = "schema_7" relation = "relation_25" name = "attribute_43"/>
			</is-included>
			<includes>
				<attribute schema = "schema_7" relation ="relation_24" name = "attribute_44"/>
			</includes>
			<coeficient value = "1.0"></coeficient>
		</inclusion-dependency>
		<inclusion-dependency>
			<is-included distinct_values = "99">
				<attribute schema = "schema_7" relation = "relation_25" name = "attribute_45"/>
			</is-included>
			<includes>
				<attribute schema = "schema_7" relation ="relation_27" name = "attribute_46"/>
			</includes>
			<coeficient value = "1.0"></coeficient>
		</inclusion-dependency>
		<inclusion-dependency>
			<is-included distinct_values = "99">
				<attribute schema = "schema_7" relation = "relation_27" name = "attribute_47"/>
			</is-included>
			<includes>
				<attribute schema = "schema_7" relation ="relation_30" name = "attribute_48"/>
			</includes>
			<coeficient value = "1.0"></coeficient>
		</inclusion-dependency>
		<inclusion-dependency>
			<is-included distinct_values = "94">
				<attribute schema = "schema_7" relation = "relation_7" name = "attribute_27"/>
			</is-included>
			<includes>
				<attribute schema = "schema_7" relation ="relation_10" name = "attribute_28"/>
			</includes>
			<coeficient value = "1.0"></coeficient>
		</inclusion-dependency>
		<inclusion-dependency>
			<is-included distinct_values = "99">
				<attribute schema = "schema_7" relation = "relation_30" name = "attribute_50"/>
			</is-included>
			<includes>
				<attribute schema = "schema_7" relation ="relation_32" name = "attribute_49"/>
			</includes>
			<coeficient value = "1.0"></coeficient>
		</inclusion-dependency>
		<inclusion-dependency>
			<is-included distinct_values = "99">
				<attribute schema = "schema_7" relation = "relation_39" name = "attribute_59"/>
			</is-included>
			<includes>
				<attribute schema = "schema_7" relation ="relation_40" name = "attribute_60"/>
			</includes>
			<coeficient value = "1.0"></coeficient>
		</inclusion-dependency>
		<inclusion-dependency>
			<is-included distinct_values = "61">
				<attribute schema = "schema_7" relation = "relation_2" name = "attribute_22"/>
			</is-included>
			<includes>
				<attribute schema = "schema_7" relation ="relation_4" name = "attribute_21"/>
			</includes>
			<coeficient value = "1.0"></coeficient>
		</inclusion-dependency>
		<inclusion-dependency>
			<is-included distinct_values = "71">
				<attribute schema = "schema_7" relation = "relation_4" name = "attribute_24"/>
			</is-included>
			<includes>
				<attribute schema = "schema_7" relation ="relation_6" name = "attribute_23"/>
			</includes>
			<coeficient value = "1.0"></coeficient>
		</inclusion-dependency>
		<inclusion-dependency>
			<is-included distinct_values = "76">
				<attribute schema = "schema_7" relation = "relation_6" name = "attribute_26"/>
			</is-included>
			<includes>
				<attribute schema = "schema_7" relation ="relation_7" name = "attribute_25"/>
			</includes>
			<coeficient value = "1.0"></coeficient>
		</inclusion-dependency>
		<inclusion-dependency>
			<is-included distinct_values = "71">
				<attribute schema = "schema_7" relation = "relation_4" name = "attribute_21"/>
			</is-included>
			<includes>
				<attribute schema = "schema_7" relation ="relation_2" name = "attribute_22"/>
			</includes>
			<coeficient value = "0.8591549295774648"></coeficient>
		</inclusion-dependency>
		<inclusion-dependency>
			<is-included distinct_values = "76">
				<attribute schema = "schema_7" relation = "relation_6" name = "attribute_23"/>
			</is-included>
			<includes>
				<attribute schema = "schema_7" relation ="relation_4" name = "attribute_24"/>
			</includes>
			<coeficient value = "0.9342105263157895"></coeficient>
		</inclusion-dependency>
		<inclusion-dependency>
			<is-included distinct_values = "99">
				<attribute schema = "schema_7" relation = "relation_22" name = "attribute_42"/>
			</is-included>
			<includes>
				<attribute schema = "schema_7" relation ="relation_24" name = "attribute_41"/>
			</includes>
			<coeficient value = "1.0"></coeficient>
		</inclusion-dependency>
		<inclusion-dependency>
			<is-included distinct_values = "99">
				<attribute schema = "schema_7" relation = "relation_24" name = "attribute_44"/>
			</is-included>
			<includes>
				<attribute schema = "schema_7" relation ="relation_25" name = "attribute_43"/>
			</includes>
			<coeficient value = "1.0"></coeficient>
		</inclusion-dependency>
		<inclusion-dependency>
			<is-included distinct_values = "99">
				<attribute schema = "schema_7" relation = "relation_27" name = "attribute_46"/>
			</is-included>
			<includes>
				<attribute schema = "schema_7" relation ="relation_25" name = "attribute_45"/>
			</includes>
			<coeficient value = "1.0"></coeficient>
		</inclusion-dependency>
		<inclusion-dependency>
			<is-included distinct_values = "99">
				<attribute schema = "schema_7" relation = "relation_30" name = "attribute_48"/>
			</is-included>
			<includes>
				<attribute schema = "schema_7" relation ="relation_27" name = "attribute_47"/>
			</includes>
			<coeficient value = "1.0"></coeficient>
		</inclusion-dependency>
		<inclusion-dependency>
			<is-included distinct_values = "99">
				<attribute schema = "schema_7" relation = "relation_22" name = "attribute_39"/>
			</is-included>
			<includes>
				<attribute schema = "schema_7" relation ="relation_20" name = "attribute_40"/>
			</includes>
			<coeficient value = "1.0"></coeficient>
		</inclusion-dependency>
	</inclusion-dependencies></profile-data>