<?xml version="1.0" encoding="UTF-8"?>
<profile-data>
	<keyCandidates>
		<attribute schema = "schema_1" relation = "relation_3" name = "attribute_1"/>
		<attribute schema = "schema_1" relation = "relation_3" name = "attribute_6"/>
		<attribute schema = "schema_1" relation = "relation_6" name = "attribute_9"/>
		<attribute schema = "schema_1" relation = "relation_7" name = "attribute_10"/>
		<attribute schema = "schema_1" relation = "relation_10" name = "attribute_13"/>
		<attribute schema = "schema_1" relation = "relation_9" name = "attribute_14"/>
	</keyCandidates>
	<inclusion-dependencies>
		<inclusion-dependency>
			<is-included distinct_values = "79">
				<attribute schema = "schema_1" relation = "relation_2" name = "attribute_7"/>
			</is-included>
			<includes>
				<attribute schema = "schema_1" relation ="relation_3" name = "attribute_6"/>
			</includes>
			<coeficient value = "1.0"></coeficient>
		</inclusion-dependency>
		<inclusion-dependency>
			<is-included distinct_values = "87">
				<attribute schema = "schema_1" relation = "relation_6" name = "attribute_9"/>
			</is-included>
			<includes>
				<attribute schema = "schema_1" relation ="relation_3" name = "attribute_8"/>
			</includes>
			<coeficient value = "0.9540229885057471"></coeficient>
		</inclusion-dependency>
		<inclusion-dependency>
			<is-included distinct_values = "87">
				<attribute schema = "schema_1" relation = "relation_6" name = "attribute_11"/>
			</is-included>
			<includes>
				<attribute schema = "schema_1" relation ="relation_7" name = "attribute_10"/>
			</includes>
			<coeficient value = "1.0"></coeficient>
		</inclusion-dependency>
		<inclusion-dependency>
			<is-included distinct_values = "98">
				<attribute schema = "schema_1" relation = "relation_10" name = "attribute_13"/>
			</is-included>
			<includes>
				<attribute schema = "schema_1" relation ="relation_7" name = "attribute_12"/>
			</includes>
			<coeficient value = "0.9795918367346939"></coeficient>
		</inclusion-dependency>
		<inclusion-dependency>
			<is-included distinct_values = "98">
				<attribute schema = "schema_1" relation = "relation_10" name = "attribute_15"/>
			</is-included>
			<includes>
				<attribute schema = "schema_1" relation ="relation_9" name = "attribute_14"/>
			</includes>
			<coeficient value = "1.0"></coeficient>
		</inclusion-dependency>
		<inclusion-dependency>
			<is-included distinct_values = "83">
				<attribute schema = "schema_1" relation = "relation_3" name = "attribute_6"/>
			</is-included>
			<includes>
				<attribute schema = "schema_1" relation ="relation_2" name = "attribute_7"/>
			</includes>
			<coeficient value = "0.9518072289156626"></coeficient>
		</inclusion-dependency>
		<inclusion-dependency>
			<is-included distinct_values = "83">
				<attribute schema = "schema_1" relation = "relation_3" name = "attribute_8"/>
			</is-included>
			<includes>
				<attribute schema = "schema_1" relation ="relation_6" name = "attribute_9"/>
			</includes>
			<coeficient value = "1.0"></coeficient>
		</inclusion-dependency>
		<inclusion-dependency>
			<is-included distinct_values = "96">
				<attribute schema = "schema_1" relation = "relation_7" name = "attribute_12"/>
			</is-included>
			<includes>
				<attribute schema = "schema_1" relation ="relation_10" name = "attribute_13"/>
			</includes>
			<coeficient value = "1.0"></coeficient>
		</inclusion-dependency>
		<inclusion-dependency>
			<is-included distinct_values = "99">
				<attribute schema = "schema_1" relation = "relation_9" name = "attribute_14"/>
			</is-included>
			<includes>
				<attribute schema = "schema_1" relation ="relation_10" name = "attribute_15"/>
			</includes>
			<coeficient value = "0.98989898989899"></coeficient>
		</inclusion-dependency>
		<inclusion-dependency>
			<is-included distinct_values = "96">
				<attribute schema = "schema_1" relation = "relation_7" name = "attribute_10"/>
			</is-included>
			<includes>
				<attribute schema = "schema_1" relation ="relation_6" name = "attribute_11"/>
			</includes>
			<coeficient value = "0.90625"></coeficient>
		</inclusion-dependency>
	</inclusion-dependencies></profile-data>